model,rank,intent_a,intent_b,pair_errors_total,a_predicted_as_b,b_predicted_as_a,text,true,pred,confidence,type (to label manually)
m3_sbert_lr,1,card_arrival,card_delivery_estimate,7,4,3,How long does a card delivery take?,card_arrival,card_delivery_estimate,0.8942,
m3_sbert_lr,1,card_arrival,card_delivery_estimate,7,4,3,When will I get my card?,card_arrival,card_delivery_estimate,0.7223,
m3_sbert_lr,1,card_arrival,card_delivery_estimate,7,4,3,my card was not in the mail again can you advise?,card_delivery_estimate,card_arrival,0.6527,
m3_sbert_lr,2,balance_not_updated_after_bank_transfer,transfer_not_received_by_recipient,6,5,1,Where is the transfer I started?,transfer_not_received_by_recipient,balance_not_updated_after_bank_transfer,0.6217,
m3_sbert_lr,2,balance_not_updated_after_bank_transfer,transfer_not_received_by_recipient,6,5,1,I transferred some money but it is yet to arrive.,balance_not_updated_after_bank_transfer,transfer_not_received_by_recipient,0.5902,
m3_sbert_lr,2,balance_not_updated_after_bank_transfer,transfer_not_received_by_recipient,6,5,1,I have completed a transfer but it is not showing up.,balance_not_updated_after_bank_transfer,transfer_not_received_by_recipient,0.4917,
m3_sbert_lr,3,exchange_via_app,fiat_currency_support,5,2,3,How do I change currencies to euros?,fiat_currency_support,exchange_via_app,0.7625,
m3_sbert_lr,3,exchange_via_app,fiat_currency_support,5,2,3,Can I change my currency from USD to EUR?,exchange_via_app,fiat_currency_support,0.7554,
m3_sbert_lr,3,exchange_via_app,fiat_currency_support,5,2,3,Can I exchange currencies?,fiat_currency_support,exchange_via_app,0.753,
m3_sbert_lr,4,card_payment_not_recognised,compromised_card,5,5,0,What should I do to get transactions off of my account if I didn't make them?  My card must have been compromised and I need to freeze it asap!,card_payment_not_recognised,compromised_card,0.757,
m3_sbert_lr,4,card_payment_not_recognised,compromised_card,5,5,0,Somebody used my card to make a purchase,card_payment_not_recognised,compromised_card,0.7219,
m3_sbert_lr,4,card_payment_not_recognised,compromised_card,5,5,0,There are some strange charges on my card that I didn't make from a few days ago.  Is my card stolen and if so should I cancel it?  Will I get refunded the charges?,card_payment_not_recognised,compromised_card,0.3905,
m3_sbert_lr,5,declined_card_payment,declined_transfer,5,0,5,When I try and to buy something using my card it keeps getting declined.,declined_transfer,declined_card_payment,0.6891,
m3_sbert_lr,5,declined_card_payment,declined_transfer,5,0,5,The card got declined twice when I tried to use it to buy something online yesterday.,declined_transfer,declined_card_payment,0.4815,
m3_sbert_lr,5,declined_card_payment,declined_transfer,5,0,5,My card is being declined online. Could you tell me what might be broken or wrong with the account?,declined_transfer,declined_card_payment,0.4728,
m3_sbert_lr,6,pending_transfer,transfer_timing,5,5,0,How long can an EU transfer take?,pending_transfer,transfer_timing,0.5758,
m3_sbert_lr,6,pending_transfer,transfer_timing,5,5,0,How long can I expect a transfer to pend for?,pending_transfer,transfer_timing,0.4408,
m3_sbert_lr,6,pending_transfer,transfer_timing,5,5,0,When will the transfer go through?,pending_transfer,transfer_timing,0.4367,
m3_sbert_lr,7,top_up_failed,top_up_reverted,4,2,2,The app wouldn't accept my top up.,top_up_reverted,top_up_failed,0.7718,
m3_sbert_lr,7,top_up_failed,top_up_reverted,4,2,2,On my last transaction it seem that my top-up was not successful.,top_up_reverted,top_up_failed,0.4113,
m3_sbert_lr,7,top_up_failed,top_up_reverted,4,2,2,I have a top up that didn't go through.  Why?,top_up_failed,top_up_reverted,0.3964,
m3_sbert_lr,8,verify_my_identity,why_verify_identity,4,1,3,What other methods are there to verify my identity?,why_verify_identity,verify_my_identity,0.9554,
m3_sbert_lr,8,verify_my_identity,why_verify_identity,4,1,3,Do I have to do an identity check?,why_verify_identity,verify_my_identity,0.5418,
m3_sbert_lr,8,verify_my_identity,why_verify_identity,4,1,3,What is the need to verify my identity?,why_verify_identity,verify_my_identity,0.5116,
m3_sbert_lr,9,balance_not_updated_after_bank_transfer,pending_transfer,4,2,2,My transfer is pending.,balance_not_updated_after_bank_transfer,pending_transfer,0.9702,
m3_sbert_lr,9,balance_not_updated_after_bank_transfer,pending_transfer,4,2,2,"I transferred money yesterday, but it still isn't available?",pending_transfer,balance_not_updated_after_bank_transfer,0.6059,
m3_sbert_lr,9,balance_not_updated_after_bank_transfer,pending_transfer,4,2,2,I made a transfer and am still waiting.,balance_not_updated_after_bank_transfer,pending_transfer,0.534,
m3_sbert_lr,10,pending_transfer,transfer_not_received_by_recipient,4,4,0,Someone transferred money to me and it doesn't show,pending_transfer,transfer_not_received_by_recipient,0.6879,
m3_sbert_lr,10,pending_transfer,transfer_not_received_by_recipient,4,4,0,Why is a money transfer not showing?,pending_transfer,transfer_not_received_by_recipient,0.4038,
m3_sbert_lr,10,pending_transfer,transfer_not_received_by_recipient,4,4,0,When will the transfer be completed?,pending_transfer,transfer_not_received_by_recipient,0.4025,
m3_sbert_lr,11,balance_not_updated_after_bank_transfer,transfer_timing,4,3,1,how long dies it take for transfers to reflect on my balance,transfer_timing,balance_not_updated_after_bank_transfer,0.9003,
m3_sbert_lr,11,balance_not_updated_after_bank_transfer,transfer_timing,4,3,1,When will my transfer be available in my account.,balance_not_updated_after_bank_transfer,transfer_timing,0.812,
m3_sbert_lr,11,balance_not_updated_after_bank_transfer,transfer_timing,4,3,1,How long does it take for an international transfer into my account?,balance_not_updated_after_bank_transfer,transfer_timing,0.7768,
m3_sbert_lr,12,card_payment_wrong_exchange_rate,wrong_exchange_rate_for_cash_withdrawal,3,1,2,Can you look to make sure the exchange rate is correct,wrong_exchange_rate_for_cash_withdrawal,card_payment_wrong_exchange_rate,0.7362,
m3_sbert_lr,12,card_payment_wrong_exchange_rate,wrong_exchange_rate_for_cash_withdrawal,3,1,2,I took out a foreign currency and the exchange rate is wrong.,wrong_exchange_rate_for_cash_withdrawal,card_payment_wrong_exchange_rate,0.5429,
m3_sbert_lr,12,card_payment_wrong_exchange_rate,wrong_exchange_rate_for_cash_withdrawal,3,1,2,I made a currency exchange and think I was charged more than I should of been.,card_payment_wrong_exchange_rate,wrong_exchange_rate_for_cash_withdrawal,0.5336,
m3_sbert_lr,13,card_not_working,pin_blocked,3,1,2,"My card's frozen, what can I do?",pin_blocked,card_not_working,0.7515,
m3_sbert_lr,13,card_not_working,pin_blocked,3,1,2,How do I unblock my card using the app?,card_not_working,pin_blocked,0.5133,
m3_sbert_lr,13,card_not_working,pin_blocked,3,1,2,"I attempted to use my card while I was intoxicated, and I failed to input my PIN, and the machine kept my card. How soon can I have it back?",pin_blocked,card_not_working,0.4159,
m3_sbert_lr,14,pending_top_up,topping_up_by_card,3,2,1,"OMG!  I'm trying to load my card and it wont top up!  I desperately need the money either on my card or in my bank, where is it?",pending_top_up,topping_up_by_card,0.3893,
m3_sbert_lr,14,pending_top_up,topping_up_by_card,3,2,1,So I just put my top-up into the card and it hasn't changed.,pending_top_up,topping_up_by_card,0.3094,
m3_sbert_lr,14,pending_top_up,topping_up_by_card,3,2,1,"i know i entered the right info, but my top up isn't in my balance",topping_up_by_card,pending_top_up,0.2289,
m3_sbert_lr,15,declined_cash_withdrawal,wrong_amount_of_cash_received,3,0,3,Will declined funds I tried to withdraw be returned to me?,wrong_amount_of_cash_received,declined_cash_withdrawal,0.9021,
m3_sbert_lr,15,declined_cash_withdrawal,wrong_amount_of_cash_received,3,0,3,My cash withdrawal was partly declined,wrong_amount_of_cash_received,declined_cash_withdrawal,0.8714,
m3_sbert_lr,15,declined_cash_withdrawal,wrong_amount_of_cash_received,3,0,3,Why did I not get my cash back after I withdrew?,wrong_amount_of_cash_received,declined_cash_withdrawal,0.2776,
