label,precision,recall,f1,support
pending_transfer,0.7895,0.75,0.7692,40
balance_not_updated_after_bank_transfer,0.8205,0.8,0.8101,40
topping_up_by_card,0.8462,0.825,0.8354,40
transfer_timing,0.814,0.875,0.8434,40
transfer_not_received_by_recipient,0.8684,0.825,0.8462,40
direct_debit_payment_not_recognised,0.8684,0.825,0.8462,40
declined_transfer,0.9394,0.775,0.8493,40
transfer_into_account,0.85,0.85,0.85,40
card_payment_wrong_exchange_rate,0.8537,0.875,0.8642,40
top_up_reverted,0.9412,0.8,0.8649,40
verify_my_identity,0.8085,0.95,0.8736,40
top_up_failed,0.875,0.875,0.875,40
fiat_currency_support,0.9429,0.825,0.88,40
wrong_exchange_rate_for_cash_withdrawal,0.9189,0.85,0.8831,40
pending_top_up,0.8261,0.95,0.8837,40
exchange_via_app,0.8261,0.95,0.8837,40
top_up_by_bank_transfer_charge,0.8974,0.875,0.8861,40
compromised_card,0.878,0.9,0.8889,40
card_arrival,0.878,0.9,0.8889,40
lost_or_stolen_card,0.8605,0.925,0.8916,40
failed_transfer,0.8605,0.925,0.8916,40
why_verify_identity,0.9706,0.825,0.8919,40
declined_cash_withdrawal,0.8298,0.975,0.8966,40
card_payment_not_recognised,0.9211,0.875,0.8974,40
pending_card_payment,0.9,0.9,0.9,40
card_not_working,0.8636,0.95,0.9048,40
pin_blocked,0.9714,0.85,0.9067,40
declined_card_payment,0.8478,0.975,0.907,40
get_disposable_virtual_card,0.9459,0.875,0.9091,40
top_up_by_card_charge,0.9231,0.9,0.9114,40
order_physical_card,0.9231,0.9,0.9114,40
beneficiary_not_allowed,0.9024,0.925,0.9136,40
getting_virtual_card,0.8667,0.975,0.9176,40
card_payment_fee_charged,0.8667,0.975,0.9176,40
disposable_card_limits,0.9474,0.9,0.9231,40
card_delivery_estimate,0.925,0.925,0.925,40
reverted_card_payment?,0.9048,0.95,0.9268,40
wrong_amount_of_cash_received,0.973,0.9,0.9351,40
Refund_not_showing_up,0.9487,0.925,0.9367,40
card_acceptance,0.9487,0.925,0.9367,40
unable_to_verify_identity,0.9487,0.925,0.9367,40
top_up_by_cash_or_cheque,0.907,0.975,0.9398,40
supported_cards_and_currencies,0.907,0.975,0.9398,40
exchange_rate,0.8889,1.0,0.9412,40
balance_not_updated_after_cheque_or_cash_deposit,1.0,0.9,0.9474,40
exchange_charge,0.9737,0.925,0.9487,40
transfer_fee_charged,0.9737,0.925,0.9487,40
country_support,0.9286,0.975,0.9512,40
cash_withdrawal_not_recognised,0.9286,0.975,0.9512,40
getting_spare_card,0.9286,0.975,0.9512,40
transaction_charged_twice,0.9091,1.0,0.9524,40
change_pin,0.9091,1.0,0.9524,40
automatic_top_up,1.0,0.925,0.961,40
virtual_card_not_working,1.0,0.925,0.961,40
visa_or_mastercard,1.0,0.925,0.961,40
card_swallowed,1.0,0.925,0.961,40
request_refund,0.9744,0.95,0.962,40
cash_withdrawal_charge,0.9744,0.95,0.962,40
receiving_money,0.9744,0.95,0.962,40
card_linking,1.0,0.95,0.9744,40
pending_cash_withdrawal,1.0,0.95,0.9744,40
extra_charge_on_statement,1.0,0.95,0.9744,40
top_up_limits,0.975,0.975,0.975,40
terminate_account,0.9524,1.0,0.9756,40
activate_my_card,1.0,0.975,0.9873,40
atm_support,1.0,0.975,0.9873,40
contactless_not_working,1.0,0.975,0.9873,40
cancel_transfer,1.0,0.975,0.9873,40
lost_or_stolen_phone,1.0,0.975,0.9873,40
get_physical_card,0.9756,1.0,0.9877,40
verify_source_of_funds,0.9756,1.0,0.9877,40
card_about_to_expire,1.0,1.0,1.0,40
passcode_forgotten,1.0,1.0,1.0,40
age_limit,1.0,1.0,1.0,40
apple_pay_or_google_pay,1.0,1.0,1.0,40
edit_personal_details,1.0,1.0,1.0,40
verify_top_up,1.0,1.0,1.0,40
