tau,in_scope_acc_with_rejection,oos_recall,balanced_score
0.0,0.9201,0.0,0.46
0.01,0.9201,0.0,0.46
0.02,0.9201,0.0,0.46
0.03,0.9201,0.0,0.46
0.04,0.9201,0.01,0.465
0.05,0.9201,0.06,0.49
0.06,0.9201,0.17,0.545
0.07,0.9201,0.28,0.6
0.08,0.9201,0.36,0.64
0.09,0.9201,0.39,0.655
0.1,0.9201,0.49,0.705
0.11,0.9201,0.5,0.71
0.12,0.9201,0.56,0.74
0.13,0.9201,0.59,0.755
0.14,0.9181,0.64,0.779
0.15,0.9181,0.68,0.799
0.16,0.9171,0.68,0.7985
0.17,0.9161,0.68,0.798
0.18,0.9131,0.69,0.8015
0.19,0.9121,0.71,0.811
0.2,0.9111,0.72,0.8155
0.21,0.9081,0.74,0.824
0.22,0.9071,0.75,0.8285
0.23,0.9061,0.81,0.858
0.24,0.9061,0.82,0.863
0.25,0.9031,0.84,0.8715
0.26,0.9021,0.86,0.881
0.27,0.9011,0.86,0.8805
0.28,0.8971,0.86,0.8786
0.29,0.8971,0.86,0.8786
0.3,0.8971,0.86,0.8786
0.31,0.8941,0.86,0.8771
0.32,0.8921,0.87,0.8811
0.33,0.8901,0.87,0.8801
0.34,0.8881,0.87,0.8791
0.35,0.8871,0.87,0.8786
0.36,0.8841,0.87,0.8771
0.37,0.8841,0.88,0.8821
0.38,0.8841,0.89,0.8871
0.39,0.8841,0.9,0.8921
0.4,0.8801,0.91,0.8951
0.41,0.8791,0.91,0.8946
0.42,0.8741,0.91,0.8921
0.43,0.8711,0.91,0.8906
0.44,0.8681,0.91,0.8891
0.45,0.8661,0.93,0.8981
0.46,0.8651,0.93,0.8976
0.47,0.8621,0.93,0.8961
0.48,0.8601,0.93,0.8951
0.49,0.8581,0.94,0.8991
0.5,0.8541,0.94,0.8971
0.51,0.8521,0.94,0.8961
0.52,0.8482,0.95,0.8991
0.53,0.8462,0.95,0.8981
0.54,0.8412,0.95,0.8956
0.55,0.8352,0.95,0.8926
0.56,0.8342,0.95,0.8921
0.57,0.8272,0.95,0.8886
0.58,0.8242,0.95,0.8871
0.59,0.8202,0.95,0.8851
0.6,0.8122,0.95,0.8811
0.61,0.8102,0.95,0.8801
0.62,0.8052,0.95,0.8776
0.63,0.7962,0.95,0.8731
0.64,0.7932,0.95,0.8716
0.65,0.7872,0.95,0.8686
0.66,0.7812,0.95,0.8656
0.67,0.7742,0.95,0.8621
0.68,0.7682,0.95,0.8591
0.69,0.7602,0.95,0.8551
0.7,0.7532,0.95,0.8516
0.71,0.7473,0.95,0.8486
0.72,0.7403,0.95,0.8451
0.73,0.7403,0.96,0.8501
0.74,0.7343,0.97,0.8521
0.75,0.7283,0.97,0.8491
0.76,0.7203,0.97,0.8451
0.77,0.7133,0.97,0.8416
0.78,0.7073,0.97,0.8386
0.79,0.6993,0.97,0.8347
0.8,0.6913,0.97,0.8307
0.81,0.6793,0.97,0.8247
0.82,0.6713,0.97,0.8207
0.83,0.6643,0.98,0.8222
0.84,0.6503,0.98,0.8152
0.85,0.6414,0.98,0.8107
0.86,0.6254,0.98,0.8027
0.87,0.6124,0.98,0.7962
0.88,0.5934,0.98,0.7867
0.89,0.5744,0.98,0.7772
0.9,0.5544,0.98,0.7672
0.91,0.5375,0.98,0.7587
0.92,0.5145,0.98,0.7472
0.93,0.4765,0.98,0.7283
0.94,0.4436,0.98,0.7118
0.95,0.3996,0.98,0.6898
0.96,0.3536,0.99,0.6718
0.97,0.2967,0.99,0.6434
0.98,0.2288,0.99,0.6094
0.99,0.1439,1.0,0.5719
